path,bytes,category,extension,reference_count
docs/story-concepts/production-sources/choir-attack-vfx/19-ninefold-witness-attack-master.png,6635302,other_images,.png,0
docs/match-debrief-concepts/after-action-dossier-crest-source.png,6609185,other_images,.png,0
docs/story-concepts/production-sources/choir-attack-vfx/20-regency-conservator-attack-master.png,6536216,other_images,.png,0
docs/concepts/weapon-shops/final-assets/masters/rampage-credit-sigil.png,6505338,other_images,.png,0
docs/concepts/weapon-shops/residential-ashwater-mutual-garage.jpg,6455607,other_images,.jpg,0
docs/story-concepts/production-sources/choir-attack-vfx/19-ninefold-witness-attack-master_original.png,6321229,other_images,.png,0
docs/story-concepts/production-sources/choir-attack-vfx/16-triage-kite-attack-master.png,6315103,other_images,.png,0
docs/story-concepts/production-sources/choir-attack-vfx/15-revetment-ward-attack-master.png,6285592,other_images,.png,0
docs/concepts/weapon-shops/royal-crownward-reliquary.jpg,6198220,other_images,.jpg,0
docs/story-concepts/production-sources/choir-attack-vfx/20-regency-conservator-attack-master_original.png,6168385,other_images,.png,0
docs/concepts/weapon-shops/final-assets/masters/residential-shop-backplate.png,6162213,other_images,.png,0
docs/story-concepts/production-sources/choir-attack-vfx/16-triage-kite-attack-master_original.png,6150947,other_images,.png,0
docs/concepts/weapon-shops/final-assets/masters/military-shop-backplate.png,6150217,other_images,.png,0
docs/story-concepts/production-sources/choir-attack-vfx/15-revetment-ward-attack-master_original.png,6067457,other_images,.png,0
docs/concepts/weapon-shops/final-assets/masters/royal-products.png,6027854,other_images,.png,0
docs/story-concepts/production-sources/choir-attack-vfx/04-receivership-ambulance-attack-master.png,5956447,other_images,.png,0
docs/combo-feedback-concepts/overkill.png,5885409,other_images,.png,0
docs/concepts/weapon-shops/final-assets/masters/residential-products.png,5775976,other_images,.png,0
docs/concepts/weapon-shops/military-iron-corridor-field-armory.jpg,5772837,other_images,.jpg,0
docs/combo-feedback-concepts/triple_kill.png,5770117,other_images,.png,0
docs/concepts/weapon-shops/final-assets/masters/residential-operator.png,5738812,other_images,.png,0
docs/combo-feedback-concepts/annihilation.png,5732845,other_images,.png,0
docs/combo-feedback-concepts/overkill_original.png,5670268,other_images,.png,0
docs/concepts/weapon-shops/final-assets/masters/entertainment-products.png,5655363,other_images,.png,0
docs/story-concepts/production-sources/choir-prime-core-source.png,5643628,other_images,.png,0
docs/story-concepts/production-sources/choir-attack-vfx/04-receivership-ambulance-attack-master_original.png,5618679,other_images,.png,0
docs/concepts/weapon-shops/final-assets/masters/entertainment-shop-backplate.png,5615744,other_images,.png,0
docs/combo-feedback-concepts/triple_kill_original.png,5608217,other_images,.png,0
docs/concepts/weapon-shops/final-assets/masters/royal-operator.png,5582018,other_images,.png,0
docs/story-concepts/production-sources/choir-attack-vfx/07-rainvault-pressure-ward-attack-master.png,5520333,other_images,.png,0
docs/combo-feedback-concepts/extinction_event.png,5517958,other_images,.png,0
docs/concepts/weapon-shops/final-assets/masters/entertainment-operator.png,5515833,other_images,.png,0
docs/concepts/weapon-shops/final-assets/masters/royal-shop-backplate.png,5508614,other_images,.png,0
docs/combo-feedback-concepts/annihilation_original.png,5500215,other_images,.png,0
docs/story-concepts/production-sources/choir-attack-vfx/17-privy-chirurgeon-attack-master.png,5478861,other_images,.png,0
docs/concepts/weapon-shops/final-assets/audio-carriers/purchase-carrier-anchor.png,5471770,other_images,.png,0
docs/concepts/weapon-shops/final-assets/masters/new-game-plus-insignia.png,5402975,other_images,.png,0
docs/combo-feedback-concepts/extinction_event_original.png,5357915,other_images,.png,0
docs/power-box-detonation-sfx/power-box-detonation-anchor.png,5317581,other_images,.png,0
docs/concepts/weapon-shops/entertainment-afterglow-mod-parlor.jpg,5304897,other_images,.jpg,0
docs/concepts/weapon-shops/final-assets/masters/military-operator.png,5272430,other_images,.png,0
docs/story-concepts/production-sources/chimera-variants/12-marquee-anesthetist-source.png,5260684,other_images,.png,0
docs/combo-feedback-concepts/double_kill.png,5240325,other_images,.png,0
docs/story-concepts/production-sources/chimera-variants/20-regency-conservator-source.png,5233290,other_images,.png,0
docs/story-concepts/production-sources/choir-attack-vfx/14-mercy-raker-attack-master.png,5179028,other_images,.png,0
docs/concepts/weapon-shops/final-assets/masters/business-shop-backplate.png,5160490,other_images,.png,0
docs/concepts/parallax/business-parallax-concept.png,5127561,world_images,.png,0
docs/story-concepts/production-sources/choir-attack-vfx/07-rainvault-pressure-ward-attack-master_original.png,5123468,other_images,.png,0
docs/combo-feedback-concepts/double_kill_original.png,5106016,other_images,.png,0
docs/concepts/weapon-shops/business-black-ledger-exchange.jpg,5099896,other_images,.jpg,0
docs/combo-feedback-concepts/unstoppable.png,5097887,other_images,.png,0
docs/story-concepts/production-sources/choir-attack-vfx/11-recall-lantern-attack-master.png,5080723,other_images,.png,0
docs/story-concepts/production-sources/choir-attack-vfx/03-testament-kite-attack-master.png,5050607,other_images,.png,0
docs/story-concepts/production-sources/choir-attack-vfx/17-privy-chirurgeon-attack-master_original.png,5030963,other_images,.png,0
docs/concepts/parallax/entertainment-parallax-concept.png,5010328,world_images,.png,0
docs/concepts/weapon-shops/final-assets/audio-carriers/repair-carrier-anchor.png,5001810,other_images,.png,0
docs/combo-feedback-concepts/orbital_herald_carrier_anchor.png,4959649,other_images,.png,0
docs/combo-feedback-concepts/unstoppable_original.png,4949465,other_images,.png,0
docs/story-concepts/production-sources/choir-attack-vfx/08-balcony-recall-beacon-attack-master.png,4857991,other_images,.png,0
docs/story-concepts/production-sources/chimera-variants/15-revetment-ward-source.png,4856909,other_images,.png,0
docs/story-concepts/production-sources/choir-attack-vfx/14-mercy-raker-attack-master_original.png,4855527,other_images,.png,0
docs/story-concepts/production-sources/chimera-variants/14-mercy-raker-source.png,4835788,other_images,.png,0
docs/story-concepts/production-sources/choir-attack-vfx/09-memorial-usher-attack-master.png,4795966,other_images,.png,0
docs/story-concepts/production-sources/choir-attack-vfx/13-suture-marshal-attack-master.png,4794453,other_images,.png,0
docs/story-concepts/production-sources/chimera-variants/04-receivership-ambulance-source.png,4746689,other_images,.png,0
docs/story-concepts/production-sources/choir-attack-vfx/11-recall-lantern-attack-master_original.png,4674938,other_images,.png,0
docs/story-concepts/production-sources/chimera-variants/02-mercy-recovery-cart-source.png,4667738,other_images,.png,0
docs/concepts/parallax/royal-parallax-concept.png,4641252,world_images,.png,0
docs/building-destruction-vfx-concepts/concrete-chunk-source.png,4626291,other_images,.png,0
docs/story-concepts/production-sources/chimera-variants/10-glassback-double-source.png,4615900,other_images,.png,0
docs/story-concepts/production-sources/choir-attack-vfx/01-covenant-warden-attack-master.png,4606629,other_images,.png,0
docs/concepts/weapon-shops/final-assets/masters/business-operator.png,4593613,other_images,.png,0
docs/story-concepts/production-sources/chimera-variants/11-recall-lantern-source.png,4592425,other_images,.png,0
docs/concepts/parallax/residential-parallax-concept.png,4574997,world_images,.png,0
docs/story-concepts/production-sources/choir-attack-vfx/12-marquee-anesthetist-attack-master.png,4572358,other_images,.png,0
docs/story-concepts/production-sources/choir-attack-vfx/03-testament-kite-attack-master_original.png,4536347,other_images,.png,0
docs/story-concepts/production-sources/choir-attack-vfx/08-balcony-recall-beacon-attack-master_original.png,4526260,other_images,.png,0
docs/story-concepts/production-sources/choir-attack-vfx/09-memorial-usher-attack-master_original.png,4502369,other_images,.png,0
docs/story-concepts/production-sources/chimera-variants/07-rainvault-pressure-ward-source.png,4487180,other_images,.png,0
docs/story-concepts/production-sources/choir-attack-vfx/05-intake-shepherd-attack-master.png,4483000,other_images,.png,0
docs/concepts/weapon-shops/final-assets/masters/military-products.png,4457069,other_images,.png,0
docs/story-concepts/production-sources/memory-glass-node-source.png,4450127,other_images,.png,0
docs/story-concepts/production-sources/choir-attack-vfx/13-suture-marshal-attack-master_original.png,4418318,other_images,.png,0
docs/story-concepts/production-sources/choir-attack-vfx/12-marquee-anesthetist-attack-master_original.png,4369310,other_images,.png,0
docs/story-concepts/production-sources/choir-attack-vfx/10-glassback-double-attack-master.png,4360535,other_images,.png,0
docs/story-concepts/production-sources/chimera-variants/13-suture-marshal-source.png,4358028,other_images,.png,0
docs/concepts/weapon-shops/final-assets/masters/business-products.png,4356557,other_images,.png,0
docs/story-concepts/production-sources/chimera-variants/16-triage-kite-source.png,4347992,other_images,.png,0
game/art/bosses/animated/choir-prime-atlas.webp,4329232,boss_images,.webp,5
docs/story-concepts/production-sources/choir-attack-vfx/02-mercy-recovery-cart-attack-master.png,4328636,other_images,.png,0
docs/concepts/parallax/military-parallax-concept.png,4325739,world_images,.png,0
docs/story-concepts/production-sources/choir-attack-vfx/01-covenant-warden-attack-master_original.png,4291012,other_images,.png,0
docs/story-concepts/production-sources/chimera-variants/05-intake-shepherd-source.png,4285552,other_images,.png,0
docs/story-concepts/production-sources/chimera-variants/19-ninefold-witness-source.png,4273778,other_images,.png,0
docs/concepts/weapon-shops/final-assets/masters/stat-preview-frame.png,4268971,other_images,.png,0
docs/story-concepts/production-sources/25-seraph-carrier-source.png,4264430,other_images,.png,0
docs/story-concepts/production-sources/choir-attack-vfx/10-glassback-double-attack-master_original.png,4236069,other_images,.png,0
docs/story-concepts/production-sources/choir-attack-vfx/18-laureate-courser-attack-master.png,4199186,other_images,.png,0
docs/story-concepts/production-sources/choir-attack-vfx/05-intake-shepherd-attack-master_original.png,4183022,other_images,.png,0
docs/story-concepts/production-sources/chimera-variants/01-covenant-warden-source.png,4174305,other_images,.png,0
docs/story-concepts/production-sources/choir-attack-vfx/06-evacuation-litter-attack-master.png,4148784,other_images,.png,0
docs/story-concepts/production-sources/choir-attack-vfx/18-laureate-courser-attack-master_original.png,4128956,other_images,.png,0
docs/story-concepts/production-sources/choir-attack-vfx/06-evacuation-litter-attack-master_original.png,4100406,other_images,.png,0
docs/story-concepts/production-sources/chimera-variants/17-privy-chirurgeon-source.png,4069791,other_images,.png,0
docs/story-concepts/production-sources/choir-attack-vfx/02-mercy-recovery-cart-attack-master_original.png,4057319,other_images,.png,0
docs/concepts/weapon-shops/final-assets/masters/repair-success-burst.png,4040452,other_images,.png,0
game/art/bosses/animated/mimesis-04-atlas.webp,4020566,boss_images,.webp,5
docs/match-debrief-concepts/after-action-dossier-landscape.png,4012626,other_images,.png,0
docs/story-concepts/production-sources/chimera-variants/08-balcony-recall-beacon-source.png,4004037,other_images,.png,0
docs/story-concepts/production-sources/chimera-variants/18-laureate-courser-source.png,3993015,other_images,.png,0
docs/story-concepts/production-sources/chimera-variants/03-testament-kite-source.png,3979827,other_images,.png,0
docs/building-destruction-vfx-concepts/dust-puff-source.png,3955411,other_images,.png,0
docs/story-concepts/production-sources/chimera-variants/09-memorial-usher-source.png,3952257,other_images,.png,0
docs/story-concepts/production-sources/26-pale-engine-source.png,3840011,other_images,.png,0
docs/concepts/living-skies/distant-state-carrier.png,3790573,other_images,.png,0
docs/story-concepts/production-sources/choir-pylon-source.png,3758634,other_images,.png,0
docs/concepts/weapon-shops/final-assets/masters/confirmation-frame.png,3748767,other_images,.png,0
docs/story-concepts/production-sources/chimera-variants/06-evacuation-litter-source.png,3708349,other_images,.png,0
docs/story-concepts/production-sources/24-ossuary-crawler-source.png,3661899,other_images,.png,0
docs/building-destruction-vfx-concepts/glass-shard-source.png,3627265,other_images,.png,0
docs/story-concepts/production-sources/21-reclaimed-breacher-source.png,3627150,other_images,.png,0
docs/combo-feedback-carriers/extinction_event.mp4,3527370,video,.mp4,0
docs/building-destruction-vfx-concepts/steel-fragment-source.png,3498955,other_images,.png,0
docs/concepts/weapon-shops/final-assets/masters/upgrade-success-burst.png,3482996,other_images,.png,0
game/art/robot/grunt/grunt_horizontal_atlas.png,3406003,player_images,.png,5
docs/story-concepts/production-sources/22-graft-runner-source.png,3338705,other_images,.png,0
docs/match-debrief-concepts/after-action-dossier-portrait.png,3311650,other_images,.png,0
game/art/bosses/animated/samaritan-15-atlas.webp,3269904,boss_images,.webp,5
game/art/bosses/animated/cantor-31-atlas.webp,3216424,boss_images,.webp,5
docs/story-concepts/production-sources/23-choir-siren-source.png,3194639,other_images,.png,0
docs/concepts/living-skies/district-cloud-bank.png,3008974,other_images,.png,0
game/art/bosses/animated/settlement-engine-s04-atlas.webp,2919740,boss_images,.webp,5
docs/concepts/living-skies/distant-courier-shuttle.png,2894781,other_images,.png,0
docs/building-destruction-vfx-concepts/impact-flash-source.png,2789798,other_images,.png,0
docs/combo-feedback-carriers/unstoppable.mp4,2745211,video,.mp4,0
client/public/title-video/title-loop-landscape.mp4,1983162,video,.mp4,0
client/public/title-video/title-loop-portrait.mp4,1914617,video,.mp4,0
docs/match-debrief-concepts/after-action-dossier-crest.png,1807294,other_images,.png,0
docs/concepts/district-enemies/12-marquee-anesthetist.png,1576868,other_images,.png,0
docs/concepts/district-enemies/20-regency-conservator.png,1551463,other_images,.png,0
docs/concepts/weapon-shops/final-assets/audio-carriers/chassis-repair-carrier.mp4,1467812,video,.mp4,0
docs/concepts/weapon-shops/final-assets/audio-carriers/upgrade-purchase-carrier.mp4,1424259,video,.mp4,0
docs/concepts/district-enemies/07-rainvault-pressure-ward.png,1267164,other_images,.png,0
docs/concepts/district-enemies/15-revetment-ward.png,1214139,other_images,.png,0
docs/story-concepts/05-choir-prime-final-boss.jpg,1203152,boss_images,.jpg,0
docs/concepts/choir-attack-vfx/19-ninefold-witness-attack-vfx.png,1199585,other_images,.png,0
docs/concepts/choir-attack-vfx/20-regency-conservator-attack-vfx.png,1121921,other_images,.png,0
docs/concepts/district-enemies/14-mercy-raker.png,1057940,other_images,.png,0
docs/concepts/district-enemies/02-mercy-recovery-cart.png,1028895,other_images,.png,0
docs/concepts/choir-attack-vfx/16-triage-kite-attack-vfx.png,1012844,other_images,.png,0
docs/concepts/choir-attack-vfx/15-revetment-ward-attack-vfx.png,1007930,other_images,.png,0
docs/concepts/district-enemies/04-receivership-ambulance.png,997795,other_images,.png,0
docs/concepts/district-enemies/11-recall-lantern.png,987682,other_images,.png,0
docs/concepts/district-enemies/10-glassback-double.png,971797,other_images,.png,0
docs/story-concepts/04-seraph-carrier.jpg,960009,other_images,.jpg,0
docs/concepts/district-bosses/03-entertainment-mimesis04.jpg,942689,boss_images,.jpg,0
docs/concepts/district-bosses/05-royal-choir-prime.jpg,924462,boss_images,.jpg,0
docs/concepts/choir-attack-vfx/04-receivership-ambulance-attack-vfx.png,907921,other_images,.png,0
docs/concepts/district-bosses/01-business-settlement-engine-s04.jpg,884373,boss_images,.jpg,0
docs/concepts/district-enemies/01-covenant-warden.png,882580,other_images,.png,0
docs/concepts/choir-attack-vfx/17-privy-chirurgeon-attack-vfx.png,864969,other_images,.png,0
docs/concepts/choir-attack-vfx/07-rainvault-pressure-ward-attack-vfx.png,822984,other_images,.png,0
docs/combo-feedback-carriers/triple_kill.mp4,821726,video,.mp4,0
docs/concepts/district-enemies/13-suture-marshal.png,816083,other_images,.png,0
docs/concepts/district-enemies/03-testament-kite.png,805693,other_images,.png,0
docs/concepts/district-enemies/16-triage-kite.png,802218,other_images,.png,0
docs/combo-feedback-carriers/overkill.mp4,800933,video,.mp4,0
game/art/finale/choir-prime-core.png,784521,other_images,.png,1
docs/concepts/choir-attack-vfx/14-mercy-raker-attack-vfx.png,782141,other_images,.png,0
docs/concepts/district-bosses/04-military-cantor31-pale-engine.jpg,779981,boss_images,.jpg,0
docs/concepts/district-enemies/05-intake-shepherd.png,777986,other_images,.png,0
docs/concepts/choir-attack-vfx/11-recall-lantern-attack-vfx.png,768361,other_images,.png,0
docs/combo-feedback-carriers/double_kill.mp4,760184,video,.mp4,0
docs/concepts/district-enemies/19-ninefold-witness.png,759448,other_images,.png,0
docs/concepts/choir-attack-vfx/03-testament-kite-attack-vfx.png,757562,other_images,.png,0
docs/concepts/district-bosses/02-residential-samaritan15.jpg,750129,boss_images,.jpg,0
docs/concepts/weapon-shops/final-assets/products-contact.png,745444,other_images,.png,0
docs/concepts/choir-attack-vfx/13-suture-marshal-attack-vfx.png,697640,other_images,.png,0
docs/concepts/choir-attack-vfx/08-balcony-recall-beacon-attack-vfx.png,690170,other_images,.png,0
docs/concepts/district-enemies/17-privy-chirurgeon.png,689793,other_images,.png,0
docs/concepts/district-enemies/06-evacuation-litter.png,689511,other_images,.png,0
docs/combo-feedback-carriers/annihilation.mp4,686821,video,.mp4,0
docs/concepts/district-enemies/18-laureate-courser.png,683146,other_images,.png,0
docs/power-box-detonation-sfx/power-box-detonation-carrier.mp4,674344,video,.mp4,0
docs/concepts/choir-attack-vfx/09-memorial-usher-attack-vfx.png,666775,other_images,.png,0
docs/concepts/district-enemies/08-balcony-recall-beacon.png,642271,other_images,.png,0
docs/concepts/choir-attack-vfx/01-covenant-warden-attack-vfx.png,640883,other_images,.png,0
docs/concepts/choir-attack-vfx/12-marquee-anesthetist-attack-vfx.png,616477,other_images,.png,0
docs/concepts/choir-attack-vfx/10-glassback-double-attack-vfx.png,612390,other_images,.png,0
docs/concepts/choir-attack-vfx/05-intake-shepherd-attack-vfx.png,610741,other_images,.png,0
docs/concepts/district-enemies/09-memorial-usher.png,608732,other_images,.png,0
docs/concepts/districts/royal-district-concept.jpg,599350,other_images,.jpg,0
docs/concepts/weapon-shops/final-assets/audio-carriers/chassis-repair-raw.wav,577614,audio,.wav,0
docs/concepts/weapon-shops/final-assets/audio-carriers/upgrade-purchase-raw.wav,577614,audio,.wav,0
docs/concepts/choir-attack-vfx/18-laureate-courser-attack-vfx.png,576108,other_images,.png,0
docs/concepts/choir-attack-vfx/06-evacuation-litter-attack-vfx.png,570668,other_images,.png,0
game/art/city/parallax/near_buildings.png,566297,world_images,.png,1
docs/concepts/choir-attack-vfx/02-mercy-recovery-cart-attack-vfx.png,545613,other_images,.png,0
docs/concepts/weapon-shops/final-assets/shared-contact.png,516489,other_images,.png,0
docs/concepts/districts/entertainment-district-concept.jpg,500904,other_images,.jpg,0
docs/concepts/districts/business-district-concept.jpg,495464,other_images,.jpg,0
docs/concepts/weapon-shops/final-assets/operators-contact.png,467979,other_images,.png,0
docs/story-concepts/02-reclaimed-breacher.jpg,466090,other_images,.jpg,0
game/art/city/destructibles/districts/entertainment/voltage_chapel.png,458798,world_images,.png,1
game/art/city/destructibles/districts/residential/sixfold_balcony_court.png,451433,world_images,.png,1
docs/story-concepts/03-choir-siren.jpg,448570,other_images,.jpg,0
game/art/city/parallax/infrastructure.png,437328,world_images,.png,1
game/art/city/hazards/derailed_metro_car.png,405098,world_images,.png,1
game/art/city/destructibles/districts/royal/tribunal_of_nine_seals.png,394263,world_images,.png,1
game/art/city/destructibles/districts/business/crown_reserve_data_treasury.png,379693,world_images,.png,2
game/art/city/destructibles/districts/royal/laureate_processional_gate.png,377396,world_images,.png,1
docs/concepts/districts/residential-district-concept.jpg,374482,other_images,.jpg,0
docs/concepts/districts/military-district-concept.jpg,374382,other_images,.jpg,0
game/art/city/destructibles/districts/royal/aurelian_menagerie_conservatory.png,373564,world_images,.png,1
game/art/city/destructibles/districts/royal/palace_of_last_sovereign.png,370074,world_images,.png,1
game/art/city/destructibles/districts/entertainment/prism_crown_revue.png,367729,world_images,.png,1
game/art/ui/combo_herald/triple_kill.png,366835,ui_images,.png,1
game/art/ui/combo_herald/unstoppable.png,359072,ui_images,.png,1
game/audio/music/bosses/cantor-31.ogg,354924,audio,.ogg,1
game/art/city/parallax/far_skyline.png,349269,world_images,.png,1
game/art/ui/combo_herald/overkill.png,347679,ui_images,.png,1
game/art/ui/combo_herald/annihilation.png,340868,ui_images,.png,1
game/art/city/destructibles/districts/military/ordnance_transload_bastion.png,336742,world_images,.png,1
game/art/city/destructibles/districts/entertainment/orpheum_vanta.png,331785,world_images,.png,1
game/art/city/destructibles/districts/entertainment/halcyon_stack_hotel.png,329385,world_images,.png,1
game/art/city/destructibles/districts/military/prefect_war_keep.png,324528,world_images,.png,1
game/art/city/destructibles/districts/residential/rainvault_cooperative.png,321358,world_images,.png,1
game/art/city/destructibles/districts/business/orison_custody_vault.png,316004,world_images,.png,2
game/audio/music/bosses/samaritan-15.ogg,315495,audio,.ogg,1
game/art/city/destructibles/districts/entertainment/house_of_static_casino_hotel.png,309383,world_images,.png,1
game/art/ui/combo_herald/extinction_event.png,305050,ui_images,.png,1
game/art/ui/combo_herald/double_kill.png,299856,ui_images,.png,1
game/art/ui/boss_fight/boss-fight-splash.webp,295302,boss_images,.webp,1
game/art/city/enemies/archetypes/46-regency-conservator.png,291293,enemy_images,.png,4
game/art/city/enemies/archetypes/38-marquee-anesthetist.png,289392,enemy_images,.png,4
game/art/city/destructibles/districts/military/revetment_armory_stack.png,285183,world_images,.png,1
game/art/player/vfx/photon_release_shockwave.png,282040,player_images,.png,3
game/art/city/destructibles/districts/business/mercy_exchange_annex.png,278131,world_images,.png,2
game/audio/voice/combo/extinction_event.wav,270798,audio,.wav,6
game/audio/sfx/structural/steel_groan.wav,269802,audio,.wav,6
game/art/city/hazards/steam_main_valve.png,264002,world_images,.png,1
game/art/city/hazards/facade_shear_slab.png,253556,world_images,.png,1
game/art/city/hazards/electrified_flood_lane.png,241418,world_images,.png,1
game/art/city/enemies/archetypes/33-rainvault-pressure-ward.png,241161,enemy_images,.png,4
game/art/city/destructibles/districts/residential/emberpot_canteen_house.png,240285,world_images,.png,1
game/addons/gut/fonts/LobsterTwo-Regular.ttf,234956,fonts,.ttf,0
game/art/city/destructibles/districts/business/vanta_compliance_tribunal.png,234529,world_images,.png,2
game/audio/sfx/structural/concrete_crunch.wav,231908,audio,.wav,6
game/addons/gut/fonts/LobsterTwo-Italic.ttf,229404,fonts,.ttf,0
game/audio/music/bosses/mimesis-04.ogg,228550,audio,.ogg,1
game/art/ui/title_screen/command_deck_briefing_landscape.jpg,222647,ui_images,.jpg,0
game/addons/gut/fonts/LobsterTwo-Bold.ttf,222040,fonts,.ttf,0
game/art/city/enemies/archetypes/41-revetment-ward.png,218907,enemy_images,.png,4
game/art/ui/title_screen/command_deck_briefing_landscape_zh_cn.jpg,216916,ui_images,.jpg,0
game/audio/music/bosses/settlement-engine-s04.ogg,216798,audio,.ogg,1
game/art/city/destructibles/districts/military/manticore_siege_repair_gantry.png,216292,world_images,.png,1
game/addons/gut/fonts/LobsterTwo-BoldItalic.ttf,216036,fonts,.ttf,0
game/art/city/hazards/buckled_road_plate.png,215240,world_images,.png,1
game/art/city/destructibles/districts/residential/bluewire_laundry_walkup.png,212716,world_images,.png,1
game/audio/sfx/structural/glass_shatter.wav,211844,audio,.wav,7
game/art/city/hazards/traffic_signal_gantry.png,211399,world_images,.png,1
game/art/city/hazards/crane_counterweight.png,208923,world_images,.png,1
game/art/city/enemies/archetypes/25-seraph-carrier.png,206824,enemy_images,.png,2
game/art/ui/title_screen/command_deck_briefing_portrait.jpg,206245,ui_images,.jpg,0
game/audio/voice/combo/unstoppable.wav,205518,audio,.wav,6
docs/concepts/weapon-shops/final-assets/backplates-contact.jpg,204355,other_images,.jpg,0
game/art/city/destructibles/districts/residential/nightglass_mutual_clinic.png,202943,world_images,.png,1
game/audio/music/bosses/choir-prime.ogg,199916,audio,.ogg,1
game/art/city/destructibles/districts/military/aegis_signal_citadel.png,196398,world_images,.png,1
game/art/city/enemies/archetypes/26-pale-engine.png,195245,enemy_images,.png,1
game/art/city/destructibles/districts/business/helix_clearinghouse_spine.png,195217,world_images,.png,2
game/audio/sfx/robot/photon_charge.wav,192078,audio,.wav,6
game/art/ui/title_screen/command_deck_briefing_portrait_zh_cn.jpg,188333,ui_images,.jpg,0
game/audio/voice/combo/annihilation.wav,188238,audio,.wav,6
game/art/city/hazards/collapsing_skybridge.png,186966,world_images,.png,1
game/audio/sfx/robot/dodge_energy_recharged.wav,182478,audio,.wav,7
game/art/player/drones/weapon_drone_chassis_east.png,180191,player_images,.png,2
game/audio/voice/rear_barrier_warning.wav,178502,audio,.wav,6
game/audio/sfx/robot/ground_slam_impact.wav,177678,audio,.wav,6
game/art/city/enemies/archetypes/30-receivership-ambulance.png,177446,enemy_images,.png,4
game/audio/voice/combo/triple_kill.wav,176718,audio,.wav,6
game/art/city/hazards/gas_fireline_manifold.png,175533,world_images,.png,1
game/art/city/enemies/archetypes/21-reclaimed-breacher.png,174612,enemy_images,.png,2
game/art/city/hazards/metro_vent_grate.png,174228,world_images,.png,1
game/audio/voice/air_target_acquired.wav,173442,audio,.wav,6
game/art/destruction/destruction_debris_atlas.png,172971,other_images,.png,2
game/audio/sfx/shop/shop_repair.wav,172878,audio,.wav,6
game/art/city/destructibles/districts/royal/ministry_of_privilege_spire.png,169816,world_images,.png,1
game/art/city/hazards/ammunition_convoy.png,166507,world_images,.png,1
game/audio/sfx/robot/robot_dash_warp_drive.wav,163278,audio,.wav,6
client/public/title-video/title-poster-landscape.jpg,162115,video,.jpg,0
game/art/ui/title_screen/command_deck_landscape.jpg,162115,ui_images,.jpg,3
game/art/ui/gameplay/photon_charge_meter_frame.png,153939,ui_images,.png,1
game/art/fonts/DroidSansFallbackFull-ProtoScroller.ttf,149636,fonts,.ttf,1
game/audio/sfx/hazards/gas_fireline.wav,148878,audio,.wav,6
game/art/city/enemies/archetypes/42-triage-kite.png,148758,enemy_images,.png,4
client/public/title-video/title-poster-portrait.jpg,146591,video,.jpg,0
game/art/ui/title_screen/command_deck_portrait.jpg,146591,ui_images,.jpg,2
game/art/city/destructibles/car_wreck.png,144840,world_images,.png,1
game/audio/sfx/city/power_box_detonation.wav,144078,audio,.wav,6
game/art/city/enemies/archetypes/37-recall-lantern.png,143411,enemy_images,.png,4
game/audio/voice/combo/overkill.wav,142158,audio,.wav,6
game/art/city/enemies/tank.png,141106,enemy_images,.png,2
game/art/narrative/continuity-cradle.jpg,140862,other_images,.jpg,1
game/art/player/weapons/directional_punch_fist.png,140189,player_images,.png,2
game/art/city/hazards/powerline_pole.png,140003,world_images,.png,1
game/audio/sfx/hazards/ammo_convoy.wav,139278,audio,.wav,6
game/art/city/enemies/archetypes/28-mercy-recovery-cart.png,138187,enemy_images,.png,4
game/art/city/enemies/archetypes/40-mercy-raker.png,136324,enemy_images,.png,4
game/addons/gut/images/GutIconV2_base.png,135150,other_images,.png,2
game/art/city/enemies/archetypes/36-glassback-double.png,134717,enemy_images,.png,4
game/audio/sfx/enemy_projectiles/enemy_rocket_direct_impact.wav,134478,audio,.wav,6
game/audio/sfx/hazards/metro_car.wav,134478,audio,.wav,6
game/audio/voice/target_destroyed.wav,133678,audio,.wav,6
game/art/city/enemies/deployment/conventional-reinforcement-deploy.png,132853,enemy_images,.png,3
game/audio/sfx/hazards/skybridge.wav,129678,audio,.wav,6
game/audio/sfx/shop/shop_purchase.wav,129678,audio,.wav,6
game/audio/sfx/ui/transition_full_black_boom.wav,129678,audio,.wav,7
game/audio/voice/target_lost.wav,125810,audio,.wav,6
game/audio/music/city_pressure_loop.ogg,125050,audio,.ogg,1
game/audio/voice/combo/double_kill.wav,124878,audio,.wav,6
game/art/ui/match_debrief/dossier_crest.png,123855,ui_images,.png,1
game/art/city/enemies/archetypes/23-choir-siren.png,123550,enemy_images,.png,2
game/art/ui/upgrades/gravity_crucible.png,121789,ui_images,.png,3
game/audio/sfx/hazards/crane_drop.wav,120078,audio,.wav,6
game/audio/sfx/hazards/steam_main.wav,120078,audio,.wav,6
game/art/city/enemies/archetypes/29-testament-kite.png,117740,enemy_images,.png,4
game/art/city/enemies/archetypes/45-ninefold-witness.png,116361,enemy_images,.png,4
game/audio/sfx/enemy_projectiles/enemy_rocket_salvo_impact.wav,115278,audio,.wav,6
game/audio/sfx/enemy_projectiles/enemy_shell_impact.wav,115278,audio,.wav,6
game/audio/sfx/hazards/flooded_lane.wav,115278,audio,.wav,6
game/audio/sfx/hazards/metro_vent.wav,115278,audio,.wav,6
game/audio/sfx/hazards/road_plate.wav,115278,audio,.wav,6
game/audio/voice/boss_fight.wav,113358,audio,.wav,6
game/addons/gut/fonts/AnonymousPro-Regular.ttf,112072,fonts,.ttf,1
game/art/city/catalysts/transformer_spent.png,111291,world_images,.png,1
game/audio/sfx/hazards/facade_shear.wav,110478,audio,.wav,6
game/audio/sfx/hazards/powerline.wav,110478,audio,.wav,6
game/addons/gut/fonts/AnonymousPro-Bold.ttf,107624,fonts,.ttf,0
game/audio/sfx/hazards/traffic_signal.wav,105678,audio,.wav,6
game/art/city/enemies/archetypes/44-laureate-courser.png,101109,enemy_images,.png,4
game/audio/sfx/robot/photon_full_hit.wav,100878,audio,.wav,6
game/art/city/enemies/archetypes/32-evacuation-litter.png,100172,enemy_images,.png,4
game/addons/gut/fonts/AnonymousPro-Italic.ttf,98424,fonts,.ttf,0
game/audio/voice/fully_charged.wav,96934,audio,.wav,6
game/art/player/vfx/photon_core_orb.png,96541,player_images,.png,4
game/audio/sfx/enemy_projectiles/enemy_bullet_impact.wav,96078,audio,.wav,6
game/addons/gut/fonts/AnonymousPro-BoldItalic.ttf,95872,fonts,.ttf,0
game/art/city/enemies/archetypes/34-balcony-recall-beacon.png,93971,enemy_images,.png,4
game/art/city/catalysts/transformer_intact.png,92497,world_images,.png,1
game/audio/sfx/hazards/hazard_chain_reaction.wav,88398,audio,.wav,7
game/art/city/enemies/helicopter.png,88213,enemy_images,.png,2
game/art/city/enemies/archetypes/27-covenant-warden.png,88150,enemy_images,.png,4
game/art/city/enemies/effects/choir-incubation-payload.png,87578,enemy_images,.png,3
game/audio/sfx/robot/robot_footstep.wav,84558,audio,.wav,6
game/audio/sfx/upgrades/upgrade_confirm.wav,84558,audio,.wav,7
game/art/city/pickups/aegis_patch_cell.png,82716,world_images,.png,1
game/audio/sfx/robot/robot_servo.wav,82638,audio,.wav,6
game/art/ui/upgrades/directional_shockwave_icon.png,82499,ui_images,.png,2
game/art/ui/weapon_shop/residential_backplate.webp,81664,ui_images,.webp,1
game/art/city/enemies/archetypes/31-intake-shepherd.png,80913,enemy_images,.png,4
game/art/ui/upgrades/destruction_icon.png,80866,ui_images,.png,5
game/art/city/enemies/archetypes/39-suture-marshal.png,80714,enemy_images,.png,4
game/art/city/destructibles/car_intact.png,79771,world_images,.png,1
game/audio/sfx/debris/debris_enemy_thud.wav,78798,audio,.wav,6
game/audio/sfx/rampage/overdrive_activation.wav,77646,audio,.wav,6
game/addons/gut/fonts/CourierPrime-BoldItalic.ttf,77384,fonts,.ttf,0
game/addons/gut/fonts/CourierPrime-Italic.ttf,76496,fonts,.ttf,0
game/art/city/enemies/archetypes/24-ossuary-crawler.png,75345,enemy_images,.png,1
game/art/city/parallax/districts/business_panorama.webp,74376,world_images,.webp,2
game/art/ui/weapon_shop/royal_backplate.webp,73728,ui_images,.webp,1
game/art/ui/weapon_shop/entertainment_backplate.webp,73430,ui_images,.webp,1
game/art/city/enemies/archetypes/22-graft-runner.png,73140,enemy_images,.png,2
game/art/city/enemies/archetypes/43-privy-chirurgeon.png,72526,enemy_images,.png,4
game/art/ui/upgrades/siege_drill.png,71817,ui_images,.png,3
game/addons/gut/fonts/CourierPrime-Bold.ttf,69768,fonts,.ttf,0
game/art/ui/weapon_shop/military_backplate.webp,69576,ui_images,.webp,1
game/art/bosses/utilities/boss-archive-treasury-bracket.png,69366,boss_images,.png,2
game/addons/gut/fonts/CourierPrime-Regular.ttf,68128,fonts,.ttf,3
game/art/ui/weapon_shop/royal_operator.webp,67400,ui_images,.webp,1
game/art/bosses/utilities/boss-freight-reclamation-anchor.png,60689,boss_images,.png,2
game/art/city/enemies/archetypes/35-memorial-usher.png,60507,enemy_images,.png,4
game/art/bosses/utilities/boss-evacuation-cradle.png,60347,boss_images,.png,2
game/art/city/parallax/districts/entertainment_panorama.webp,60204,world_images,.webp,2
game/art/ui/weapon_shop/entertainment_operator.webp,58912,ui_images,.webp,1
game/art/city/destructibles/streetlamp_broken.png,58381,world_images,.png,1
game/art/bosses/utilities/boss-seraph-production-projection.png,55271,boss_images,.png,2
game/art/city/enemies/archetypes/20-leviathan-command-landship.png,55149,enemy_images,.png,1
game/art/ui/upgrades/armor_plating.png,54552,ui_images,.png,5
game/art/siege/mimesis-armed-afterimage.png,53160,other_images,.png,2
game/art/bosses/utilities/boss-show-control-cabinet.png,53005,boss_images,.png,2
game/art/presentation/target_mark_support.png,52315,ui_images,.png,2
game/art/city/enemies/choir-attacks/district-impact-vfx.webp,51784,enemy_images,.webp,1
game/art/city/enemies/archetypes/18-goliath-siege-walker.png,50291,enemy_images,.png,2
game/art/city/parallax/districts/residential_panorama.webp,49358,world_images,.webp,2
game/art/city/parallax/districts/royal_panorama.webp,49044,world_images,.webp,2
game/addons/gut/images/GutIconV2_no_shine.png,48913,other_images,.png,1
game/art/city/effects/support/shield-pulse.png,48753,world_images,.png,2
game/art/enemies/impacts/enemy_rocket_direct_impact.png,48427,enemy_images,.png,3
game/art/bosses/boss-lane-footprint.png,47690,boss_images,.png,2
game/art/narrative/memory-glass-node.png,47367,other_images,.png,26
game/art/city/destructibles/streetlamp_intact.png,47080,world_images,.png,1
game/art/presentation/choir_contact_footprint.png,46256,ui_images,.png,2
game/audio/sfx/hazards/hazard_warning.wav,46158,audio,.wav,7
game/art/city/parallax/districts/military_panorama.webp,45660,world_images,.webp,2
game/audio/sfx/robot/double_punch_impact.wav,45198,audio,.wav,6
game/art/ui/weapon_shop/residential_operator.webp,44818,ui_images,.webp,1
game/art/ui/weapon_shop/business_backplate.webp,44730,ui_images,.webp,1
game/art/player/upgrades/tesla_tower.png,44629,player_images,.png,3
game/art/city/enemies/soldier.png,44294,enemy_images,.png,3
game/art/ui/upgrades/tesla_tower.png,43456,ui_images,.png,3
game/art/combat/projectiles/straight_shell.png,42607,other_images,.png,2
game/art/ui/directives/aftershock.png,41815,ui_images,.png,4
game/art/ui/weapon_shop/military_operator.webp,41646,ui_images,.webp,1
game/art/bosses/utilities/boss-extraction-clamp.png,40640,boss_images,.png,2
game/art/ui/weapon_shop/confirmation_frame.webp,40612,ui_images,.webp,1
game/art/bosses/utilities/boss-rubble-bed.png,38934,boss_images,.png,2
game/art/city/enemies/archetypes/12-rainmaker-mlrs.png,38533,enemy_images,.png,1
game/art/city/enemies/archetypes/19-nemesis-titan-hunter-mech.png,37690,enemy_images,.png,2
game/art/presentation/choir_contact_brace.png,36184,ui_images,.png,2
game/art/ui/directives/breach.png,36108,ui_images,.png,4
game/art/bosses/boss-line-beam.png,36000,boss_images,.png,2
game/art/ui/upgrades/dash_amplifier.png,34898,ui_images,.png,5
game/art/city/enemies/choir-attacks/district-attack-vfx.webp,34342,enemy_images,.webp,1
game/art/ui/weapon_shop/business_operator.webp,33864,ui_images,.webp,1
game/art/ui/weapon_shop/repair_success_burst.webp,33462,ui_images,.webp,1
game/art/ui/upgrades/laser_plus_1.png,33351,ui_images,.png,5
game/art/city/enemies/archetypes/15-aegis-shield-projector.png,32933,enemy_images,.png,1
game/art/finale/choir-pylon.png,32371,other_images,.png,4
game/art/ui/weapon_shop/upgrade_success_burst.webp,31418,ui_images,.webp,1
game/art/enemies/impacts/enemy_rocket_salvo_impact.png,29312,enemy_images,.png,3
game/art/city/enemies/archetypes/14-cinder-flame-tank.png,28643,enemy_images,.png,1
game/art/city/enemies/archetypes/16-longbow-railgun-tank.png,28389,enemy_images,.png,2
game/art/city/enemies/effects/repair-support-pulse.png,28290,enemy_images,.png,2
game/art/ui/weapon_shop/patchwork_nanoweld.webp,28272,ui_images,.webp,1
game/art/ui/upgrades/upgrade_missile_plus_one.png,27436,ui_images,.png,5
game/art/city/enemies/archetypes/17-hive-drone-mothership.png,27236,enemy_images,.png,1
game/art/ui/weapon_shop/sovereign_aegis.webp,26708,ui_images,.webp,1
game/art/ui/weapon_shop/borrowed_shock_coils.webp,26312,ui_images,.webp,1
game/art/ui/weapon_shop/crownfire_protocol.webp,25966,ui_images,.webp,1
game/art/city/enemies/archetypes/10-static-ew-truck.png,25712,enemy_images,.png,1
game/art/city/effects/support/jammer-pulse.png,25689,world_images,.png,2
game/art/presentation/choir_contact_leap.png,25317,ui_images,.png,2
game/art/city/enemies/archetypes/08-basilisk-mortar-platform.png,25256,enemy_images,.png,2
game/art/enemies/impacts/enemy_shell_impact.png,24539,enemy_images,.png,3
game/art/ui/weapon_shop/encore_capacitors.webp,24460,ui_images,.webp,1
game/art/ui/weapon_shop/chronoseal_governor.webp,24326,ui_images,.webp,1
game/art/bosses/defeat_fx/boss-firework-burst.webp,24008,boss_images,.webp,1
game/art/ui/weapon_shop/backstage_triage.webp,23882,ui_images,.webp,1
game/art/ui/directives/skybreaker.png,23866,ui_images,.png,2
game/art/ui/weapon_shop/scrapheap_magnetics.webp,23834,ui_images,.webp,1
game/art/ui/weapon_shop/new_game_plus.webp,23272,ui_images,.webp,1
game/art/ui/weapon_shop/jackpot_chamber.webp,22614,ui_images,.webp,1
game/art/city/enemies/archetypes/07-mule-apc.png,22000,enemy_images,.png,1
game/art/city/enemies/choir-attacks/district-projectile-vfx.webp,21998,enemy_images,.webp,1
game/audio/sfx/rampage/combo_break.wav,21966,audio,.wav,6
game/art/ui/weapon_shop/rampage_credit.webp,21710,ui_images,.webp,1
game/art/bosses/defeat_fx/boss-explosion-burst.webp,21630,boss_images,.webp,1
client/public/game/game.png,21443,generated_web_bundle,.png,0
game/art/city/destructibles/debris/concrete_chunk.png,21081,world_images,.png,3
game/art/ui/upgrades/kinetic_field_icon.png,20793,ui_images,.png,5
game/art/city/destructibles/debris/dust_puff.png,20703,world_images,.png,1
docs/concepts/weapon-shops/final-assets/audio-carriers/upgrade-purchase-waveform.png,20469,other_images,.png,0
game/art/ui/upgrades/shockwave_plus_one_icon.png,20370,ui_images,.png,5
game/art/ui/weapon_shop/hunter_killer_link.webp,20224,ui_images,.webp,1
game/art/presentation/choir_contact_drop.png,20071,ui_images,.png,2
game/art/city/enemies/archetypes/03-jackal-recon-buggy.png,19746,enemy_images,.png,1
game/art/city/enemies/archetypes/09-lancer-missile-team.png,19071,enemy_images,.png,1
game/art/city/destructibles/debris/steel_fragment.png,18617,world_images,.png,3
game/art/city/projectiles/enemy_direct_rocket.png,18168,enemy_images,.png,2
game/art/city/enemies/archetypes/06-hound-hunter-drone.png,16323,enemy_images,.png,1
game/art/ui/upgrades/engine_upgrade_badge.png,16238,ui_images,.png,5
game/art/city/enemies/archetypes/13-shrike-assault-vtol.png,16124,enemy_images,.png,2
game/art/presentation/telegraph_badge.png,15142,ui_images,.png,1
game/audio/sfx/boss/boss_defeat_spectacle.ogg,14795,audio,.ogg,1
docs/concepts/weapon-shops/final-assets/audio-carriers/chassis-repair-waveform.png,14419,other_images,.png,0
game/art/city/parallax/living/state_carrier.webp,14306,world_images,.webp,2
game/art/city/enemies/archetypes/05-sapper-combat-engineer.png,14002,enemy_images,.png,2
game/art/ui/weapon_shop/hostile_leverage.webp,13818,ui_images,.webp,1
game/art/player/weapons/siege_drill_mount.png,12996,player_images,.png,3
game/art/city/enemies/archetypes/11-kestrel-bomber-drone.png,12658,enemy_images,.png,1
game/audio/sfx/boss/s04_core_charge.ogg,12518,audio,.ogg,2
game/art/city/enemies/archetypes/04-lobber-grenadier.png,12404,enemy_images,.png,1
client/public/game/game.apple-touch-icon.png,11944,generated_web_bundle,.png,0
game/art/city/enemies/archetypes/02-bulwark-riot-trooper.png,11681,enemy_images,.png,3
game/art/city/enemies/attacks/nemesis_melee_lance.png,11512,enemy_images,.png,2
game/art/player/upgrades/tesla_arc.png,11393,player_images,.png,3
game/art/presentation/impact_spark.png,11010,ui_images,.png,4
game/art/city/destructibles/debris/glass_shard.png,10901,world_images,.png,3
game/art/player/weapons/missile_explosion_fire.png,10477,player_images,.png,3
game/art/ui/weapon_shop/gantry_overhaul.webp,10370,ui_images,.webp,1
game/art/ui/upgrades/flamethrower.png,10054,ui_images,.png,5
game/art/presentation/flame_plume.png,9838,ui_images,.png,4
game/art/city/destructibles/debris/impact_flash.png,9802,world_images,.png,1
game/audio/sfx/boss/s04_shockwave_release.ogg,9798,audio,.ogg,2
game/art/ui/upgrades/machine_gun.png,9258,ui_images,.png,5
game/art/ui/weapon_shop/foreclosure_slugs.webp,8724,ui_images,.webp,1
game/art/ui/weapon_shop/collateral_refinance.webp,8688,ui_images,.webp,1
game/art/enemies/impacts/enemy_bullet_impact.png,8163,enemy_images,.png,3
game/art/city/parallax/living/courier_shuttle.webp,8130,world_images,.webp,2
game/art/ui/weapon_shop/siege_breaching_load.webp,7744,ui_images,.webp,1
game/art/player/weapons/missile_explosion_smoke.png,7659,player_images,.png,4
game/art/city/enemies/archetypes/01-needle-spotter-drone.png,7093,enemy_images,.png,1
game/art/player/weapons/anti_air_impact.png,6795,player_images,.png,3
client/public/game/game.icon.png,5700,generated_web_bundle,.png,0
game/art/presentation/scorch_decal.png,5649,ui_images,.png,4
game/art/player/weapons/missile_pod_mount.png,4796,player_images,.png,3
game/art/player/weapons/anti_air_emitter.png,4203,player_images,.png,3
game/art/player/weapons/machine_gun_impact.png,3969,player_images,.png,3
game/addons/gut/images/eyey.png,3721,other_images,.png,1
game/art/player/weapons/missile_explosion_flash.png,3497,player_images,.png,3
game/art/player/weapons/flamethrower_nozzle.png,3448,player_images,.png,3
game/art/city/projectiles/hostile-spread-rocket.png,3423,world_images,.png,2
game/art/player/weapons/player_missile_body.png,3283,player_images,.png,4
game/art/presentation/flame_contact.png,3144,ui_images,.png,4
game/art/presentation/flame_ignition.png,2985,ui_images,.png,4
game/art/player/weapons/machine_gun_mount.png,2962,player_images,.png,3
game/art/player/weapons/machine_gun_muzzle_flash.png,2359,player_images,.png,3
game/art/enemies/projectiles/straight_bullet_tracer.png,2309,enemy_images,.png,2
game/addons/gut/images/HSplitContainer.svg,1231,other_images,.svg,2
game/addons/gut/images/VSplitContainer.svg,1225,other_images,.svg,1
game/art/player/weapons/machine_gun_round.png,1090,player_images,.png,5
game/art/player/weapons/missile_exhaust.png,1086,player_images,.png,3
game/art/player/weapons/anti_air_beam_core.png,712,player_images,.png,4
game/addons/gut/images/Script.svg,606,other_images,.svg,1
game/addons/gut/images/Folder.svg,227,other_images,.svg,1
game/addons/gut/images/green.png,213,other_images,.png,1
game/addons/gut/images/red.png,213,other_images,.png,1
game/addons/gut/images/yellow.png,213,other_images,.png,1
game/addons/gut/gui/play.png,143,other_images,.png,1
game/addons/gut/icon.png,129,other_images,.png,3
game/addons/gut/gui/arrow.png,122,other_images,.png,1
